"Country or Area";"Commodity - Transaction";"Year";"Unit";"Quantity";"Quantity Footnotes"
"Albania";"Direct use of solar thermal heat - Consumption by households";"2015";"Terajoules";"267";""
"Australia";"Direct use of solar thermal heat - Consumption by households";"2015";"Terajoules";"14442";""
"Australia";"Direct use of solar thermal heat - Consumption by households";"2014";"Terajoules";"12858";""
"Australia";"Direct use of solar thermal heat - Consumption by households";"2013";"Terajoules";"12756";""
"Australia";"Direct use of solar thermal heat - Consumption by households";"2012";"Terajoules";"11972";""
"Australia";"Direct use of solar thermal heat - Consumption by households";"2011";"Terajoules";"11255";""
"Australia";"Direct use of solar thermal heat - Consumption by households";"2010";"Terajoules";"10130";""
"Australia";"Direct use of solar thermal heat - Consumption by households";"2009";"Terajoules";"7963";""
"Australia";"Direct use of solar thermal heat - Consumption by households";"2008";"Terajoules";"6472";""
"Australia";"Direct use of solar thermal heat - Consumption by households";"2007";"Terajoules";"5848";""
"Australia";"Direct use of solar thermal heat - Consumption by households";"2006";"Terajoules";"2279";""
"Australia";"Direct use of solar thermal heat - Consumption by households";"2005";"Terajoules";"2467";""
"Australia";"Direct use of solar thermal heat - Consumption by households";"2004";"Terajoules";"2460";""
"Australia";"Direct use of solar thermal heat - Consumption by households";"2003";"Terajoules";"2621";""
"Australia";"Direct use of solar thermal heat - Consumption by households";"2002";"Terajoules";"3515";""
"Australia";"Direct use of solar thermal heat - Consumption by households";"2001";"Terajoules";"3462";""
"Australia";"Direct use of solar thermal heat - Consumption by households";"2000";"Terajoules";"3418";""
"Australia";"Direct use of solar thermal heat - Consumption by households";"1999";"Terajoules";"3385";""
"Australia";"Direct use of solar thermal heat - Consumption by households";"1998";"Terajoules";"3360";""
"Australia";"Direct use of solar thermal heat - Consumption by households";"1997";"Terajoules";"3343";""
"Australia";"Direct use of solar thermal heat - Consumption by households";"1996";"Terajoules";"3333";""
"Australia";"Direct use of solar thermal heat - Consumption by households";"1995";"Terajoules";"3331";""
"Australia";"Direct use of solar thermal heat - Consumption by households";"1994";"Terajoules";"3335";""
"Australia";"Direct use of solar thermal heat - Consumption by households";"1993";"Terajoules";"3344";""
"Australia";"Direct use of solar thermal heat - Consumption by households";"1992";"Terajoules";"3359";""
"Australia";"Direct use of solar thermal heat - Consumption by households";"1991";"Terajoules";"3380";""
"Australia";"Direct use of solar thermal heat - Consumption by households";"1990";"Terajoules";"3405";""
"Austria";"Direct use of solar thermal heat - Consumption by households";"2015";"Terajoules";"5772";""
"Austria";"Direct use of solar thermal heat - Consumption by households";"2014";"Terajoules";"5553";""
"Austria";"Direct use of solar thermal heat - Consumption by households";"2013";"Terajoules";"5747";""
"Austria";"Direct use of solar thermal heat - Consumption by households";"2012";"Terajoules";"5361";""
"Austria";"Direct use of solar thermal heat - Consumption by households";"2011";"Terajoules";"5108";""
"Austria";"Direct use of solar thermal heat - Consumption by households";"2010";"Terajoules";"5186";""
"Austria";"Direct use of solar thermal heat - Consumption by households";"2009";"Terajoules";"4247";""
"Austria";"Direct use of solar thermal heat - Consumption by households";"2008";"Terajoules";"3324";""
"Austria";"Direct use of solar thermal heat - Consumption by households";"2007";"Terajoules";"3303";""
"Austria";"Direct use of solar thermal heat - Consumption by households";"2006";"Terajoules";"3224";""
"Austria";"Direct use of solar thermal heat - Consumption by households";"2005";"Terajoules";"2831";""
"Austria";"Direct use of solar thermal heat - Consumption by households";"2004";"Terajoules";"2079";""
"Austria";"Direct use of solar thermal heat - Consumption by households";"2003";"Terajoules";"1891";""
"Austria";"Direct use of solar thermal heat - Consumption by households";"2002";"Terajoules";"1715";""
"Austria";"Direct use of solar thermal heat - Consumption by households";"2001";"Terajoules";"1621";""
"Austria";"Direct use of solar thermal heat - Consumption by households";"2000";"Terajoules";"1495";""
"Austria";"Direct use of solar thermal heat - Consumption by households";"1999";"Terajoules";"1369";""
"Austria";"Direct use of solar thermal heat - Consumption by households";"1998";"Terajoules";"1283";""
"Austria";"Direct use of solar thermal heat - Consumption by households";"1997";"Terajoules";"1136";""
"Austria";"Direct use of solar thermal heat - Consumption by households";"1996";"Terajoules";"994";""
"Austria";"Direct use of solar thermal heat - Consumption by households";"1995";"Terajoules";"842";""
"Austria";"Direct use of solar thermal heat - Consumption by households";"1994";"Terajoules";"693";""
"Austria";"Direct use of solar thermal heat - Consumption by households";"1993";"Terajoules";"589";""
"Austria";"Direct use of solar thermal heat - Consumption by households";"1992";"Terajoules";"547";""
"Austria";"Direct use of solar thermal heat - Consumption by households";"1991";"Terajoules";"446";""
"Austria";"Direct use of solar thermal heat - Consumption by households";"1990";"Terajoules";"345";""
"Belgium";"Direct use of solar thermal heat - Consumption by households";"2015";"Terajoules";"889";""
"Belgium";"Direct use of solar thermal heat - Consumption by households";"2014";"Terajoules";"823";""
"Belgium";"Direct use of solar thermal heat - Consumption by households";"2013";"Terajoules";"747";""
"Belgium";"Direct use of solar thermal heat - Consumption by households";"2012";"Terajoules";"607";""
"Belgium";"Direct use of solar thermal heat - Consumption by households";"2011";"Terajoules";"556";""
"Belgium";"Direct use of solar thermal heat - Consumption by households";"2010";"Terajoules";"470";""
"Belgium";"Direct use of solar thermal heat - Consumption by households";"2009";"Terajoules";"396";""
"Belgium";"Direct use of solar thermal heat - Consumption by households";"2008";"Terajoules";"214";""
"Belgium";"Direct use of solar thermal heat - Consumption by households";"2007";"Terajoules";"170";""
"Belgium";"Direct use of solar thermal heat - Consumption by households";"2006";"Terajoules";"122";""
"Belgium";"Direct use of solar thermal heat - Consumption by households";"2005";"Terajoules";"100";""
"Belgium";"Direct use of solar thermal heat - Consumption by households";"2004";"Terajoules";"98";""
"Belgium";"Direct use of solar thermal heat - Consumption by households";"2003";"Terajoules";"92";""
"Belgium";"Direct use of solar thermal heat - Consumption by households";"2002";"Terajoules";"59";""
"Belgium";"Direct use of solar thermal heat - Consumption by households";"2001";"Terajoules";"49";""
"Belgium";"Direct use of solar thermal heat - Consumption by households";"2000";"Terajoules";"20";""
"Botswana";"Direct use of solar thermal heat - Consumption by households";"2005";"Terajoules";"6";""
"Botswana";"Direct use of solar thermal heat - Consumption by households";"2004";"Terajoules";"6";""
"Botswana";"Direct use of solar thermal heat - Consumption by households";"2003";"Terajoules";"16";""
"Botswana";"Direct use of solar thermal heat - Consumption by households";"2002";"Terajoules";"17";""
"Botswana";"Direct use of solar thermal heat - Consumption by households";"2001";"Terajoules";"17";""
"Botswana";"Direct use of solar thermal heat - Consumption by households";"2000";"Terajoules";"19";""
"Botswana";"Direct use of solar thermal heat - Consumption by households";"1999";"Terajoules";"19";""
"Botswana";"Direct use of solar thermal heat - Consumption by households";"1998";"Terajoules";"19";""
"Botswana";"Direct use of solar thermal heat - Consumption by households";"1997";"Terajoules";"19";""
"Botswana";"Direct use of solar thermal heat - Consumption by households";"1996";"Terajoules";"19";""
"Botswana";"Direct use of solar thermal heat - Consumption by households";"1995";"Terajoules";"19";""
"Botswana";"Direct use of solar thermal heat - Consumption by households";"1994";"Terajoules";"32";""
"Botswana";"Direct use of solar thermal heat - Consumption by households";"1993";"Terajoules";"31";""
"Botswana";"Direct use of solar thermal heat - Consumption by households";"1992";"Terajoules";"31";""
"Botswana";"Direct use of solar thermal heat - Consumption by households";"1991";"Terajoules";"21";""
"Botswana";"Direct use of solar thermal heat - Consumption by households";"1990";"Terajoules";"19";""
"Bulgaria";"Direct use of solar thermal heat - Consumption by households";"2015";"Terajoules";"404";""
"Bulgaria";"Direct use of solar thermal heat - Consumption by households";"2014";"Terajoules";"395";""
"Bulgaria";"Direct use of solar thermal heat - Consumption by households";"2013";"Terajoules";"375";""
"Bulgaria";"Direct use of solar thermal heat - Consumption by households";"2012";"Terajoules";"345";""
"Bulgaria";"Direct use of solar thermal heat - Consumption by households";"2011";"Terajoules";"333";""
"Bulgaria";"Direct use of solar thermal heat - Consumption by households";"2010";"Terajoules";"270";""
"Chile";"Direct use of solar thermal heat - Consumption by households";"2014";"Terajoules";"567";""
"Chile";"Direct use of solar thermal heat - Consumption by households";"2013";"Terajoules";"567";""
"Chile";"Direct use of solar thermal heat - Consumption by households";"2012";"Terajoules";"561";""
"Croatia";"Direct use of solar thermal heat - Consumption by households";"2015";"Terajoules";"435";""
"Croatia";"Direct use of solar thermal heat - Consumption by households";"2014";"Terajoules";"385";""
"Croatia";"Direct use of solar thermal heat - Consumption by households";"2013";"Terajoules";"341";""
"Croatia";"Direct use of solar thermal heat - Consumption by households";"2012";"Terajoules";"298";""
"Croatia";"Direct use of solar thermal heat - Consumption by households";"2011";"Terajoules";"254";""
"Croatia";"Direct use of solar thermal heat - Consumption by households";"2010";"Terajoules";"218";""
"Croatia";"Direct use of solar thermal heat - Consumption by households";"2009";"Terajoules";"192";""
"Croatia";"Direct use of solar thermal heat - Consumption by households";"2008";"Terajoules";"166";""
"Croatia";"Direct use of solar thermal heat - Consumption by households";"2007";"Terajoules";"135";""
"Croatia";"Direct use of solar thermal heat - Consumption by households";"2006";"Terajoules";"112";""
"Croatia";"Direct use of solar thermal heat - Consumption by households";"2005";"Terajoules";"96";""
"Croatia";"Direct use of solar thermal heat - Consumption by households";"2004";"Terajoules";"84";""
"Croatia";"Direct use of solar thermal heat - Consumption by households";"2003";"Terajoules";"71";""
"Croatia";"Direct use of solar thermal heat - Consumption by households";"2002";"Terajoules";"60";""
"Croatia";"Direct use of solar thermal heat - Consumption by households";"2001";"Terajoules";"51";""
"Croatia";"Direct use of solar thermal heat - Consumption by households";"2000";"Terajoules";"47";""
"Croatia";"Direct use of solar thermal heat - Consumption by households";"1999";"Terajoules";"43";""
"Croatia";"Direct use of solar thermal heat - Consumption by households";"1998";"Terajoules";"39";""
"Cyprus";"Direct use of solar thermal heat - Consumption by households";"2015";"Terajoules";"2415";""
"Cyprus";"Direct use of solar thermal heat - Consumption by households";"2014";"Terajoules";"2377";""
"Cyprus";"Direct use of solar thermal heat - Consumption by households";"2013";"Terajoules";"2338";""
"Cyprus";"Direct use of solar thermal heat - Consumption by households";"2012";"Terajoules";"2295";""
"Cyprus";"Direct use of solar thermal heat - Consumption by households";"2011";"Terajoules";"2231";""
"Cyprus";"Direct use of solar thermal heat - Consumption by households";"2010";"Terajoules";"2163";""
"Cyprus";"Direct use of solar thermal heat - Consumption by households";"2009";"Terajoules";"2061";""
"Cyprus";"Direct use of solar thermal heat - Consumption by households";"2008";"Terajoules";"1995";""
"Cyprus";"Direct use of solar thermal heat - Consumption by households";"2007";"Terajoules";"1912";""
"Czechia";"Direct use of solar thermal heat - Consumption by households";"2015";"Terajoules";"579";""
"Czechia";"Direct use of solar thermal heat - Consumption by households";"2014";"Terajoules";"539";""
"Czechia";"Direct use of solar thermal heat - Consumption by households";"2013";"Terajoules";"498";""
"Czechia";"Direct use of solar thermal heat - Consumption by households";"2012";"Terajoules";"441";""
"Czechia";"Direct use of solar thermal heat - Consumption by households";"2011";"Terajoules";"355";""
"Czechia";"Direct use of solar thermal heat - Consumption by households";"2010";"Terajoules";"286";""
"Czechia";"Direct use of solar thermal heat - Consumption by households";"2009";"Terajoules";"206";""
"Czechia";"Direct use of solar thermal heat - Consumption by households";"2008";"Terajoules";"154";""
"Czechia";"Direct use of solar thermal heat - Consumption by households";"2007";"Terajoules";"123";""
"Czechia";"Direct use of solar thermal heat - Consumption by households";"2006";"Terajoules";"98";""
"Czechia";"Direct use of solar thermal heat - Consumption by households";"2005";"Terajoules";"78";""
"Czechia";"Direct use of solar thermal heat - Consumption by households";"2004";"Terajoules";"65";""
"Czechia";"Direct use of solar thermal heat - Consumption by households";"2003";"Terajoules";"58";""
"Denmark";"Direct use of solar thermal heat - Consumption by households";"2015";"Terajoules";"494";""
"Denmark";"Direct use of solar thermal heat - Consumption by households";"2014";"Terajoules";"480";""
"Denmark";"Direct use of solar thermal heat - Consumption by households";"2013";"Terajoules";"469";""
"Denmark";"Direct use of solar thermal heat - Consumption by households";"2012";"Terajoules";"454";""
"Denmark";"Direct use of solar thermal heat - Consumption by households";"2011";"Terajoules";"440";""
"Denmark";"Direct use of solar thermal heat - Consumption by households";"2010";"Terajoules";"440";""
"Denmark";"Direct use of solar thermal heat - Consumption by households";"2009";"Terajoules";"415";""
"Denmark";"Direct use of solar thermal heat - Consumption by households";"2008";"Terajoules";"385";""
"Denmark";"Direct use of solar thermal heat - Consumption by households";"2007";"Terajoules";"358";""
"Denmark";"Direct use of solar thermal heat - Consumption by households";"2006";"Terajoules";"333";""
"Denmark";"Direct use of solar thermal heat - Consumption by households";"2005";"Terajoules";"312";""
"Denmark";"Direct use of solar thermal heat - Consumption by households";"2004";"Terajoules";"293";""
"Denmark";"Direct use of solar thermal heat - Consumption by households";"2003";"Terajoules";"282";""
"Denmark";"Direct use of solar thermal heat - Consumption by households";"2002";"Terajoules";"276";""
"Denmark";"Direct use of solar thermal heat - Consumption by households";"2001";"Terajoules";"271";""
"Denmark";"Direct use of solar thermal heat - Consumption by households";"2000";"Terajoules";"265";""
"Denmark";"Direct use of solar thermal heat - Consumption by households";"1999";"Terajoules";"253";""
"Denmark";"Direct use of solar thermal heat - Consumption by households";"1998";"Terajoules";"243";""
"Denmark";"Direct use of solar thermal heat - Consumption by households";"1997";"Terajoules";"223";""
"Denmark";"Direct use of solar thermal heat - Consumption by households";"1996";"Terajoules";"212";""
"Denmark";"Direct use of solar thermal heat - Consumption by households";"1995";"Terajoules";"175";""
"Denmark";"Direct use of solar thermal heat - Consumption by households";"1994";"Terajoules";"152";""
"Denmark";"Direct use of solar thermal heat - Consumption by households";"1993";"Terajoules";"131";""
"Denmark";"Direct use of solar thermal heat - Consumption by households";"1992";"Terajoules";"113";""
"Denmark";"Direct use of solar thermal heat - Consumption by households";"1991";"Terajoules";"97";""
"Denmark";"Direct use of solar thermal heat - Consumption by households";"1990";"Terajoules";"80";""
"Finland";"Direct use of solar thermal heat - Consumption by households";"2015";"Terajoules";"62";""
"Finland";"Direct use of solar thermal heat - Consumption by households";"2014";"Terajoules";"57";""
"Finland";"Direct use of solar thermal heat - Consumption by households";"2013";"Terajoules";"52";""
"Finland";"Direct use of solar thermal heat - Consumption by households";"2012";"Terajoules";"47";""
"Finland";"Direct use of solar thermal heat - Consumption by households";"2011";"Terajoules";"43";""
"Finland";"Direct use of solar thermal heat - Consumption by households";"2010";"Terajoules";"39";""
"Finland";"Direct use of solar thermal heat - Consumption by households";"2009";"Terajoules";"35";""
"Finland";"Direct use of solar thermal heat - Consumption by households";"2008";"Terajoules";"32";""
"Finland";"Direct use of solar thermal heat - Consumption by households";"2007";"Terajoules";"26";""
"Finland";"Direct use of solar thermal heat - Consumption by households";"2006";"Terajoules";"26";""
"Finland";"Direct use of solar thermal heat - Consumption by households";"2005";"Terajoules";"20";""
"Finland";"Direct use of solar thermal heat - Consumption by households";"2004";"Terajoules";"18";""
"Finland";"Direct use of solar thermal heat - Consumption by households";"2003";"Terajoules";"17";""
"Finland";"Direct use of solar thermal heat - Consumption by households";"2002";"Terajoules";"17";""
"Finland";"Direct use of solar thermal heat - Consumption by households";"2001";"Terajoules";"17";""
"Finland";"Direct use of solar thermal heat - Consumption by households";"2000";"Terajoules";"16";""
"Finland";"Direct use of solar thermal heat - Consumption by households";"1999";"Terajoules";"16";""
"Finland";"Direct use of solar thermal heat - Consumption by households";"1998";"Terajoules";"16";""
"Finland";"Direct use of solar thermal heat - Consumption by households";"1997";"Terajoules";"16";""
"Finland";"Direct use of solar thermal heat - Consumption by households";"1996";"Terajoules";"16";""
"Finland";"Direct use of solar thermal heat - Consumption by households";"1995";"Terajoules";"17";""
"Finland";"Direct use of solar thermal heat - Consumption by households";"1994";"Terajoules";"17";""
"Finland";"Direct use of solar thermal heat - Consumption by households";"1993";"Terajoules";"16";""
"Finland";"Direct use of solar thermal heat - Consumption by households";"1992";"Terajoules";"16";""
"Finland";"Direct use of solar thermal heat - Consumption by households";"1991";"Terajoules";"16";""
"Finland";"Direct use of solar thermal heat - Consumption by households";"1990";"Terajoules";"16";""
"France";"Direct use of solar thermal heat - Consumption by households";"2015";"Terajoules";"3577";""
"France";"Direct use of solar thermal heat - Consumption by households";"2014";"Terajoules";"3457";""
"France";"Direct use of solar thermal heat - Consumption by households";"2013";"Terajoules";"3261";""
"France";"Direct use of solar thermal heat - Consumption by households";"2012";"Terajoules";"3009";""
"France";"Direct use of solar thermal heat - Consumption by households";"2011";"Terajoules";"2777";""
"France";"Direct use of solar thermal heat - Consumption by households";"2010";"Terajoules";"2519";""
"France";"Direct use of solar thermal heat - Consumption by households";"2009";"Terajoules";"2260";""
"France";"Direct use of solar thermal heat - Consumption by households";"2008";"Terajoules";"1961";""
"France";"Direct use of solar thermal heat - Consumption by households";"2007";"Terajoules";"1563";""
"France";"Direct use of solar thermal heat - Consumption by households";"2006";"Terajoules";"1243";""
"France";"Direct use of solar thermal heat - Consumption by households";"2005";"Terajoules";"941";""
"France";"Direct use of solar thermal heat - Consumption by households";"2004";"Terajoules";"919";""
"France";"Direct use of solar thermal heat - Consumption by households";"2003";"Terajoules";"880";""
"France";"Direct use of solar thermal heat - Consumption by households";"2002";"Terajoules";"842";""
"France";"Direct use of solar thermal heat - Consumption by households";"2001";"Terajoules";"844";""
"France";"Direct use of solar thermal heat - Consumption by households";"2000";"Terajoules";"866";""
"France";"Direct use of solar thermal heat - Consumption by households";"1999";"Terajoules";"901";""
"France";"Direct use of solar thermal heat - Consumption by households";"1998";"Terajoules";"940";""
"France";"Direct use of solar thermal heat - Consumption by households";"1997";"Terajoules";"971";""
"France";"Direct use of solar thermal heat - Consumption by households";"1996";"Terajoules";"1003";""
"France";"Direct use of solar thermal heat - Consumption by households";"1995";"Terajoules";"1036";""
"France";"Direct use of solar thermal heat - Consumption by households";"1994";"Terajoules";"1052";""
"France";"Direct use of solar thermal heat - Consumption by households";"1993";"Terajoules";"1050";""
"France";"Direct use of solar thermal heat - Consumption by households";"1992";"Terajoules";"1044";""
"France";"Direct use of solar thermal heat - Consumption by households";"1991";"Terajoules";"1031";""
"France";"Direct use of solar thermal heat - Consumption by households";"1990";"Terajoules";"1015";""
"Georgia";"Direct use of solar thermal heat - Consumption by households";"2015";"Terajoules";"0";"1"
"Georgia";"Direct use of solar thermal heat - Consumption by households";"2014";"Terajoules";"0";""
"Georgia";"Direct use of solar thermal heat - Consumption by households";"2013";"Terajoules";"23";""
"Georgia";"Direct use of solar thermal heat - Consumption by households";"2012";"Terajoules";"2";""
"Georgia";"Direct use of solar thermal heat - Consumption by households";"2011";"Terajoules";"0";""
"Georgia";"Direct use of solar thermal heat - Consumption by households";"2010";"Terajoules";"0";""
"Georgia";"Direct use of solar thermal heat - Consumption by households";"2009";"Terajoules";"0";""
"Georgia";"Direct use of solar thermal heat - Consumption by households";"2008";"Terajoules";"0";""
"Germany";"Direct use of solar thermal heat - Consumption by households";"2015";"Terajoules";"26490";""
"Germany";"Direct use of solar thermal heat - Consumption by households";"2014";"Terajoules";"24731";""
"Germany";"Direct use of solar thermal heat - Consumption by households";"2013";"Terajoules";"22820";""
"Germany";"Direct use of solar thermal heat - Consumption by households";"2012";"Terajoules";"22597";""
"Germany";"Direct use of solar thermal heat - Consumption by households";"2011";"Terajoules";"21841";""
"Germany";"Direct use of solar thermal heat - Consumption by households";"2010";"Terajoules";"18857";""
"Germany";"Direct use of solar thermal heat - Consumption by households";"2009";"Terajoules";"17798";""
"Germany";"Direct use of solar thermal heat - Consumption by households";"2008";"Terajoules";"15131";""
"Germany";"Direct use of solar thermal heat - Consumption by households";"2007";"Terajoules";"13104";""
"Germany";"Direct use of solar thermal heat - Consumption by households";"2006";"Terajoules";"11923";""
"Germany";"Direct use of solar thermal heat - Consumption by households";"2005";"Terajoules";"10087";""
"Germany";"Direct use of solar thermal heat - Consumption by households";"2004";"Terajoules";"8575";""
"Germany";"Direct use of solar thermal heat - Consumption by households";"2003";"Terajoules";"8474";""
"Germany";"Direct use of solar thermal heat - Consumption by households";"2002";"Terajoules";"6232";""
"Germany";"Direct use of solar thermal heat - Consumption by households";"2001";"Terajoules";"5252";""
"Germany";"Direct use of solar thermal heat - Consumption by households";"2000";"Terajoules";"4054";""
"Germany";"Direct use of solar thermal heat - Consumption by households";"1999";"Terajoules";"3416";""
"Germany";"Direct use of solar thermal heat - Consumption by households";"1998";"Terajoules";"2567";""
"Germany";"Direct use of solar thermal heat - Consumption by households";"1997";"Terajoules";"2096";""
"Germany";"Direct use of solar thermal heat - Consumption by households";"1996";"Terajoules";"1640";""
"Germany";"Direct use of solar thermal heat - Consumption by households";"1995";"Terajoules";"1284";""
"Germany";"Direct use of solar thermal heat - Consumption by households";"1994";"Terajoules";"1038";""
"Germany";"Direct use of solar thermal heat - Consumption by households";"1993";"Terajoules";"801";""
"Germany";"Direct use of solar thermal heat - Consumption by households";"1992";"Terajoules";"624";""
"Germany";"Direct use of solar thermal heat - Consumption by households";"1991";"Terajoules";"476";""
"Greece";"Direct use of solar thermal heat - Consumption by households";"2015";"Terajoules";"7872";""
"Greece";"Direct use of solar thermal heat - Consumption by households";"2014";"Terajoules";"7688";""
"Greece";"Direct use of solar thermal heat - Consumption by households";"2013";"Terajoules";"7498";""
"Greece";"Direct use of solar thermal heat - Consumption by households";"2012";"Terajoules";"7392";""
"Greece";"Direct use of solar thermal heat - Consumption by households";"2011";"Terajoules";"7335";""
"Greece";"Direct use of solar thermal heat - Consumption by households";"2010";"Terajoules";"7523";""
"Greece";"Direct use of solar thermal heat - Consumption by households";"2009";"Terajoules";"7480";""
"Greece";"Direct use of solar thermal heat - Consumption by households";"2008";"Terajoules";"7103";""
"Greece";"Direct use of solar thermal heat - Consumption by households";"2007";"Terajoules";"6554";""
"Greece";"Direct use of solar thermal heat - Consumption by households";"2006";"Terajoules";"4503";""
"Greece";"Direct use of solar thermal heat - Consumption by households";"2005";"Terajoules";"4158";""
"Greece";"Direct use of solar thermal heat - Consumption by households";"2004";"Terajoules";"4431";""
"Greece";"Direct use of solar thermal heat - Consumption by households";"2003";"Terajoules";"4074";""
"Greece";"Direct use of solar thermal heat - Consumption by households";"2002";"Terajoules";"4086";""
"Greece";"Direct use of solar thermal heat - Consumption by households";"2001";"Terajoules";"4153";""
"Greece";"Direct use of solar thermal heat - Consumption by households";"2000";"Terajoules";"4100";""
"Greece";"Direct use of solar thermal heat - Consumption by households";"1999";"Terajoules";"4017";""
"Greece";"Direct use of solar thermal heat - Consumption by households";"1998";"Terajoules";"3876";""
"Greece";"Direct use of solar thermal heat - Consumption by households";"1997";"Terajoules";"3711";""
"Greece";"Direct use of solar thermal heat - Consumption by households";"1996";"Terajoules";"3562";""
"Greece";"Direct use of solar thermal heat - Consumption by households";"1995";"Terajoules";"3416";""
"Greece";"Direct use of solar thermal heat - Consumption by households";"1994";"Terajoules";"3268";""
"Greece";"Direct use of solar thermal heat - Consumption by households";"1993";"Terajoules";"3104";""
"Greece";"Direct use of solar thermal heat - Consumption by households";"1992";"Terajoules";"2891";""
"Greece";"Direct use of solar thermal heat - Consumption by households";"1991";"Terajoules";"2622";""
"Greece";"Direct use of solar thermal heat - Consumption by households";"1990";"Terajoules";"2348";""
"Hungary";"Direct use of solar thermal heat - Consumption by households";"2015";"Terajoules";"439";""
"Hungary";"Direct use of solar thermal heat - Consumption by households";"2014";"Terajoules";"397";""
"Hungary";"Direct use of solar thermal heat - Consumption by households";"2013";"Terajoules";"360";""
"Hungary";"Direct use of solar thermal heat - Consumption by households";"2012";"Terajoules";"344";""
"Hungary";"Direct use of solar thermal heat - Consumption by households";"2011";"Terajoules";"264";""
"Hungary";"Direct use of solar thermal heat - Consumption by households";"2010";"Terajoules";"213";""
"Hungary";"Direct use of solar thermal heat - Consumption by households";"2009";"Terajoules";"183";""
"Hungary";"Direct use of solar thermal heat - Consumption by households";"2008";"Terajoules";"154";""
"Hungary";"Direct use of solar thermal heat - Consumption by households";"2007";"Terajoules";"101";""
"Hungary";"Direct use of solar thermal heat - Consumption by households";"2006";"Terajoules";"80";""
"Hungary";"Direct use of solar thermal heat - Consumption by households";"2005";"Terajoules";"79";""
"Hungary";"Direct use of solar thermal heat - Consumption by households";"2004";"Terajoules";"75";""
"Hungary";"Direct use of solar thermal heat - Consumption by households";"2003";"Terajoules";"76";""
"Hungary";"Direct use of solar thermal heat - Consumption by households";"2002";"Terajoules";"70";""
"Hungary";"Direct use of solar thermal heat - Consumption by households";"2001";"Terajoules";"60";""
"Ireland";"Direct use of solar thermal heat - Consumption by households";"2015";"Terajoules";"537";""
"Ireland";"Direct use of solar thermal heat - Consumption by households";"2014";"Terajoules";"504";""
"Ireland";"Direct use of solar thermal heat - Consumption by households";"2013";"Terajoules";"465";""
"Ireland";"Direct use of solar thermal heat - Consumption by households";"2012";"Terajoules";"420";""
"Ireland";"Direct use of solar thermal heat - Consumption by households";"2011";"Terajoules";"373";""
"Ireland";"Direct use of solar thermal heat - Consumption by households";"2010";"Terajoules";"308";""
"Ireland";"Direct use of solar thermal heat - Consumption by households";"2009";"Terajoules";"222";""
"Ireland";"Direct use of solar thermal heat - Consumption by households";"2008";"Terajoules";"132";""
"Ireland";"Direct use of solar thermal heat - Consumption by households";"2007";"Terajoules";"58";""
"Ireland";"Direct use of solar thermal heat - Consumption by households";"2006";"Terajoules";"26";""
"Ireland";"Direct use of solar thermal heat - Consumption by households";"2005";"Terajoules";"19";""
"Ireland";"Direct use of solar thermal heat - Consumption by households";"2004";"Terajoules";"12";""
"Ireland";"Direct use of solar thermal heat - Consumption by households";"2003";"Terajoules";"9";""
"Ireland";"Direct use of solar thermal heat - Consumption by households";"2002";"Terajoules";"7";""
"Ireland";"Direct use of solar thermal heat - Consumption by households";"2001";"Terajoules";"5";""
"Ireland";"Direct use of solar thermal heat - Consumption by households";"2000";"Terajoules";"5";""
"Ireland";"Direct use of solar thermal heat - Consumption by households";"1999";"Terajoules";"5";""
"Ireland";"Direct use of solar thermal heat - Consumption by households";"1998";"Terajoules";"5";""
"Ireland";"Direct use of solar thermal heat - Consumption by households";"1997";"Terajoules";"4";""
"Ireland";"Direct use of solar thermal heat - Consumption by households";"1996";"Terajoules";"4";""
"Ireland";"Direct use of solar thermal heat - Consumption by households";"1995";"Terajoules";"4";""
"Ireland";"Direct use of solar thermal heat - Consumption by households";"1994";"Terajoules";"4";""
"Ireland";"Direct use of solar thermal heat - Consumption by households";"1993";"Terajoules";"4";""
"Ireland";"Direct use of solar thermal heat - Consumption by households";"1992";"Terajoules";"4";""
"Ireland";"Direct use of solar thermal heat - Consumption by households";"1991";"Terajoules";"5";""
"Ireland";"Direct use of solar thermal heat - Consumption by households";"1990";"Terajoules";"2";""
"Israel";"Direct use of solar thermal heat - Consumption by households";"2015";"Terajoules";"14922";""
"Israel";"Direct use of solar thermal heat - Consumption by households";"2014";"Terajoules";"14922";""
"Israel";"Direct use of solar thermal heat - Consumption by households";"2013";"Terajoules";"13630";""
"Israel";"Direct use of solar thermal heat - Consumption by households";"2012";"Terajoules";"46070";""
"Israel";"Direct use of solar thermal heat - Consumption by households";"2011";"Terajoules";"46070";""
"Israel";"Direct use of solar thermal heat - Consumption by households";"2010";"Terajoules";"46980";""
"Israel";"Direct use of solar thermal heat - Consumption by households";"2009";"Terajoules";"43524";""
"Israel";"Direct use of solar thermal heat - Consumption by households";"2008";"Terajoules";"44496";""
"Israel";"Direct use of solar thermal heat - Consumption by households";"2007";"Terajoules";"31288";""
"Israel";"Direct use of solar thermal heat - Consumption by households";"2006";"Terajoules";"30802";""
"Israel";"Direct use of solar thermal heat - Consumption by households";"2005";"Terajoules";"30322";""
"Israel";"Direct use of solar thermal heat - Consumption by households";"2004";"Terajoules";"30322";""
"Israel";"Direct use of solar thermal heat - Consumption by households";"2003";"Terajoules";"28882";""
"Israel";"Direct use of solar thermal heat - Consumption by households";"2002";"Terajoules";"27506";""
"Israel";"Direct use of solar thermal heat - Consumption by households";"2001";"Terajoules";"26196";""
"Israel";"Direct use of solar thermal heat - Consumption by households";"2000";"Terajoules";"24949";""
"Israel";"Direct use of solar thermal heat - Consumption by households";"1999";"Terajoules";"22542";""
"Israel";"Direct use of solar thermal heat - Consumption by households";"1998";"Terajoules";"22462";""
"Israel";"Direct use of solar thermal heat - Consumption by households";"1997";"Terajoules";"21392";""
"Israel";"Direct use of solar thermal heat - Consumption by households";"1996";"Terajoules";"20297";""
"Israel";"Direct use of solar thermal heat - Consumption by households";"1995";"Terajoules";"19336";""
"Israel";"Direct use of solar thermal heat - Consumption by households";"1994";"Terajoules";"18414";""
"Israel";"Direct use of solar thermal heat - Consumption by households";"1993";"Terajoules";"17535";""
"Israel";"Direct use of solar thermal heat - Consumption by households";"1992";"Terajoules";"16667";""
"Israel";"Direct use of solar thermal heat - Consumption by households";"1991";"Terajoules";"15875";""
"Israel";"Direct use of solar thermal heat - Consumption by households";"1990";"Terajoules";"14996";""
"Italy";"Direct use of solar thermal heat - Consumption by households";"2015";"Terajoules";"5884";""
"Italy";"Direct use of solar thermal heat - Consumption by households";"2014";"Terajoules";"5563";""
"Italy";"Direct use of solar thermal heat - Consumption by households";"2013";"Terajoules";"5210";""
"Italy";"Direct use of solar thermal heat - Consumption by households";"2012";"Terajoules";"4812";""
"Italy";"Direct use of solar thermal heat - Consumption by households";"2011";"Terajoules";"4349";""
"Italy";"Direct use of solar thermal heat - Consumption by households";"2010";"Terajoules";"4156";""
"Italy";"Direct use of solar thermal heat - Consumption by households";"2009";"Terajoules";"2770";""
"Italy";"Direct use of solar thermal heat - Consumption by households";"2008";"Terajoules";"2181";""
"Italy";"Direct use of solar thermal heat - Consumption by households";"2007";"Terajoules";"1703";""
"Italy";"Direct use of solar thermal heat - Consumption by households";"2006";"Terajoules";"1135";""
"Italy";"Direct use of solar thermal heat - Consumption by households";"2005";"Terajoules";"891";""
"Italy";"Direct use of solar thermal heat - Consumption by households";"2004";"Terajoules";"603";""
"Italy";"Direct use of solar thermal heat - Consumption by households";"2003";"Terajoules";"524";""
"Italy";"Direct use of solar thermal heat - Consumption by households";"2002";"Terajoules";"457";""
"Italy";"Direct use of solar thermal heat - Consumption by households";"2001";"Terajoules";"395";""
"Italy";"Direct use of solar thermal heat - Consumption by households";"2000";"Terajoules";"355";""
"Italy";"Direct use of solar thermal heat - Consumption by households";"1999";"Terajoules";"411";""
"Italy";"Direct use of solar thermal heat - Consumption by households";"1998";"Terajoules";"404";""
"Italy";"Direct use of solar thermal heat - Consumption by households";"1997";"Terajoules";"303";""
"Italy";"Direct use of solar thermal heat - Consumption by households";"1996";"Terajoules";"298";""
"Italy";"Direct use of solar thermal heat - Consumption by households";"1995";"Terajoules";"293";""
"Italy";"Direct use of solar thermal heat - Consumption by households";"1994";"Terajoules";"288";""
"Italy";"Direct use of solar thermal heat - Consumption by households";"1993";"Terajoules";"283";""
"Italy";"Direct use of solar thermal heat - Consumption by households";"1992";"Terajoules";"256";""
"Italy";"Direct use of solar thermal heat - Consumption by households";"1991";"Terajoules";"229";""
"Italy";"Direct use of solar thermal heat - Consumption by households";"1990";"Terajoules";"202";""
"Japan";"Direct use of solar thermal heat - Consumption by households";"2015";"Terajoules";"12876";""
"Japan";"Direct use of solar thermal heat - Consumption by households";"2014";"Terajoules";"14003";""
"Japan";"Direct use of solar thermal heat - Consumption by households";"2013";"Terajoules";"15868";""
"Japan";"Direct use of solar thermal heat - Consumption by households";"2012";"Terajoules";"16160";""
"Japan";"Direct use of solar thermal heat - Consumption by households";"2011";"Terajoules";"17947";""
"Japan";"Direct use of solar thermal heat - Consumption by households";"2010";"Terajoules";"19235";""
"Japan";"Direct use of solar thermal heat - Consumption by households";"2009";"Terajoules";"20532";""
"Japan";"Direct use of solar thermal heat - Consumption by households";"2008";"Terajoules";"22759";""
"Japan";"Direct use of solar thermal heat - Consumption by households";"2007";"Terajoules";"23689";""
"Japan";"Direct use of solar thermal heat - Consumption by households";"2006";"Terajoules";"25009";""
"Japan";"Direct use of solar thermal heat - Consumption by households";"2005";"Terajoules";"25845";""
"Japan";"Direct use of solar thermal heat - Consumption by households";"2004";"Terajoules";"26573";""
"Japan";"Direct use of solar thermal heat - Consumption by households";"2003";"Terajoules";"29056";""
"Japan";"Direct use of solar thermal heat - Consumption by households";"2002";"Terajoules";"33810";""
"Japan";"Direct use of solar thermal heat - Consumption by households";"2001";"Terajoules";"33955";""
"Japan";"Direct use of solar thermal heat - Consumption by households";"2000";"Terajoules";"36888";""
"Japan";"Direct use of solar thermal heat - Consumption by households";"1999";"Terajoules";"34857";""
"Japan";"Direct use of solar thermal heat - Consumption by households";"1998";"Terajoules";"38449";""
"Japan";"Direct use of solar thermal heat - Consumption by households";"1997";"Terajoules";"46289";""
"Japan";"Direct use of solar thermal heat - Consumption by households";"1996";"Terajoules";"47833";""
"Japan";"Direct use of solar thermal heat - Consumption by households";"1995";"Terajoules";"49617";""
"Japan";"Direct use of solar thermal heat - Consumption by households";"1994";"Terajoules";"50413";""
"Japan";"Direct use of solar thermal heat - Consumption by households";"1993";"Terajoules";"50831";""
"Japan";"Direct use of solar thermal heat - Consumption by households";"1992";"Terajoules";"51309";""
"Japan";"Direct use of solar thermal heat - Consumption by households";"1991";"Terajoules";"53568";""
"Japan";"Direct use of solar thermal heat - Consumption by households";"1990";"Terajoules";"55642";""
"Korea, Republic of";"Direct use of solar thermal heat - Consumption by households";"2015";"Terajoules";"532";""
"Korea, Republic of";"Direct use of solar thermal heat - Consumption by households";"2014";"Terajoules";"545";""
"Korea, Republic of";"Direct use of solar thermal heat - Consumption by households";"2013";"Terajoules";"649";""
"Korea, Republic of";"Direct use of solar thermal heat - Consumption by households";"2012";"Terajoules";"625";""
"Korea, Republic of";"Direct use of solar thermal heat - Consumption by households";"2011";"Terajoules";"642";""
"Korea, Republic of";"Direct use of solar thermal heat - Consumption by households";"2010";"Terajoules";"791";""
"Korea, Republic of";"Direct use of solar thermal heat - Consumption by households";"2009";"Terajoules";"925";""
"Korea, Republic of";"Direct use of solar thermal heat - Consumption by households";"2008";"Terajoules";"938";""
"Korea, Republic of";"Direct use of solar thermal heat - Consumption by households";"2007";"Terajoules";"989";""
"Korea, Republic of";"Direct use of solar thermal heat - Consumption by households";"2006";"Terajoules";"1136";""
"Korea, Republic of";"Direct use of solar thermal heat - Consumption by households";"2005";"Terajoules";"1224";""
"Korea, Republic of";"Direct use of solar thermal heat - Consumption by households";"2004";"Terajoules";"1285";""
"Korea, Republic of";"Direct use of solar thermal heat - Consumption by households";"2003";"Terajoules";"1191";""
"Korea, Republic of";"Direct use of solar thermal heat - Consumption by households";"2002";"Terajoules";"1284";""
"Korea, Republic of";"Direct use of solar thermal heat - Consumption by households";"2001";"Terajoules";"1387";""
"Korea, Republic of";"Direct use of solar thermal heat - Consumption by households";"2000";"Terajoules";"1571";""
"Korea, Republic of";"Direct use of solar thermal heat - Consumption by households";"1999";"Terajoules";"1593";""
"Korea, Republic of";"Direct use of solar thermal heat - Consumption by households";"1998";"Terajoules";"1663";""
"Korea, Republic of";"Direct use of solar thermal heat - Consumption by households";"1997";"Terajoules";"1733";""
"Korea, Republic of";"Direct use of solar thermal heat - Consumption by households";"1996";"Terajoules";"1151";""
"Korea, Republic of";"Direct use of solar thermal heat - Consumption by households";"1995";"Terajoules";"718";""
"Korea, Republic of";"Direct use of solar thermal heat - Consumption by households";"1994";"Terajoules";"491";""
"Korea, Republic of";"Direct use of solar thermal heat - Consumption by households";"1993";"Terajoules";"375";""
"Korea, Republic of";"Direct use of solar thermal heat - Consumption by households";"1992";"Terajoules";"312";""
"Korea, Republic of";"Direct use of solar thermal heat - Consumption by households";"1991";"Terajoules";"274";""
"Korea, Republic of";"Direct use of solar thermal heat - Consumption by households";"1990";"Terajoules";"235";""
"Lebanon";"Direct use of solar thermal heat - Consumption by households";"2015";"Terajoules";"642";""
"Lebanon";"Direct use of solar thermal heat - Consumption by households";"2014";"Terajoules";"616";""
"Lebanon";"Direct use of solar thermal heat - Consumption by households";"2013";"Terajoules";"572";""
"Lebanon";"Direct use of solar thermal heat - Consumption by households";"2012";"Terajoules";"537";""
"Lebanon";"Direct use of solar thermal heat - Consumption by households";"2011";"Terajoules";"451";""
"Lebanon";"Direct use of solar thermal heat - Consumption by households";"2010";"Terajoules";"403";""
"Lebanon";"Direct use of solar thermal heat - Consumption by households";"2009";"Terajoules";"355";""
"Lebanon";"Direct use of solar thermal heat - Consumption by households";"2008";"Terajoules";"309";""
"Lebanon";"Direct use of solar thermal heat - Consumption by households";"2007";"Terajoules";"267";""
"Lebanon";"Direct use of solar thermal heat - Consumption by households";"2006";"Terajoules";"230";""
"Lebanon";"Direct use of solar thermal heat - Consumption by households";"2005";"Terajoules";"201";""
"Lebanon";"Direct use of solar thermal heat - Consumption by households";"2004";"Terajoules";"182";""
"Lebanon";"Direct use of solar thermal heat - Consumption by households";"2003";"Terajoules";"158";""
"Lebanon";"Direct use of solar thermal heat - Consumption by households";"2002";"Terajoules";"137";""
"Lebanon";"Direct use of solar thermal heat - Consumption by households";"2001";"Terajoules";"117";""
"Lebanon";"Direct use of solar thermal heat - Consumption by households";"2000";"Terajoules";"102";""
"Lebanon";"Direct use of solar thermal heat - Consumption by households";"1999";"Terajoules";"84";""
"Lebanon";"Direct use of solar thermal heat - Consumption by households";"1998";"Terajoules";"70";""
"Lebanon";"Direct use of solar thermal heat - Consumption by households";"1997";"Terajoules";"57";""
"Lebanon";"Direct use of solar thermal heat - Consumption by households";"1996";"Terajoules";"45";""
"Lebanon";"Direct use of solar thermal heat - Consumption by households";"1995";"Terajoules";"35";""
"Lebanon";"Direct use of solar thermal heat - Consumption by households";"1994";"Terajoules";"25";""
"Luxembourg";"Direct use of solar thermal heat - Consumption by households";"2015";"Terajoules";"79";""
"Luxembourg";"Direct use of solar thermal heat - Consumption by households";"2014";"Terajoules";"73";""
"Luxembourg";"Direct use of solar thermal heat - Consumption by households";"2013";"Terajoules";"68";""
"Luxembourg";"Direct use of solar thermal heat - Consumption by households";"2012";"Terajoules";"57";""
"Luxembourg";"Direct use of solar thermal heat - Consumption by households";"2011";"Terajoules";"47";""
"Luxembourg";"Direct use of solar thermal heat - Consumption by households";"2010";"Terajoules";"38";""
"Luxembourg";"Direct use of solar thermal heat - Consumption by households";"2009";"Terajoules";"29";""
"Luxembourg";"Direct use of solar thermal heat - Consumption by households";"2008";"Terajoules";"22";""
"Luxembourg";"Direct use of solar thermal heat - Consumption by households";"2007";"Terajoules";"17";""
"Luxembourg";"Direct use of solar thermal heat - Consumption by households";"2006";"Terajoules";"12";""
"Luxembourg";"Direct use of solar thermal heat - Consumption by households";"2005";"Terajoules";"10";""
"Luxembourg";"Direct use of solar thermal heat - Consumption by households";"2004";"Terajoules";"7";""
"Luxembourg";"Direct use of solar thermal heat - Consumption by households";"2003";"Terajoules";"5";""
"Luxembourg";"Direct use of solar thermal heat - Consumption by households";"2002";"Terajoules";"3";""
"Luxembourg";"Direct use of solar thermal heat - Consumption by households";"2001";"Terajoules";"1";""
"Malta";"Direct use of solar thermal heat - Consumption by households";"2015";"Terajoules";"180";""
"Malta";"Direct use of solar thermal heat - Consumption by households";"2014";"Terajoules";"178";""
"Malta";"Direct use of solar thermal heat - Consumption by households";"2013";"Terajoules";"173";""
"Malta";"Direct use of solar thermal heat - Consumption by households";"2012";"Terajoules";"169";""
"Malta";"Direct use of solar thermal heat - Consumption by households";"2011";"Terajoules";"164";""
"Malta";"Direct use of solar thermal heat - Consumption by households";"2010";"Terajoules";"157";""
"Malta";"Direct use of solar thermal heat - Consumption by households";"2009";"Terajoules";"0";""
"Malta";"Direct use of solar thermal heat - Consumption by households";"2008";"Terajoules";"0";""
"Mayotte";"Direct use of solar thermal heat - Consumption by households";"2015";"Terajoules";"6";"1"
"Mayotte";"Direct use of solar thermal heat - Consumption by households";"2014";"Terajoules";"6";"1"
"Mayotte";"Direct use of solar thermal heat - Consumption by households";"2013";"Terajoules";"5";"1"
"Mayotte";"Direct use of solar thermal heat - Consumption by households";"2012";"Terajoules";"4";"1"
"Mayotte";"Direct use of solar thermal heat - Consumption by households";"2011";"Terajoules";"3.67";""
"Mayotte";"Direct use of solar thermal heat - Consumption by households";"2010";"Terajoules";"1.86";""
"Mayotte";"Direct use of solar thermal heat - Consumption by households";"2009";"Terajoules";"0.9";""
"Mayotte";"Direct use of solar thermal heat - Consumption by households";"2008";"Terajoules";"0.44";""
"Mayotte";"Direct use of solar thermal heat - Consumption by households";"2007";"Terajoules";"0.42";""
"Mexico";"Direct use of solar thermal heat - Consumption by households";"2015";"Terajoules";"5201";""
"Mexico";"Direct use of solar thermal heat - Consumption by households";"2014";"Terajoules";"4525";""
"Mexico";"Direct use of solar thermal heat - Consumption by households";"2013";"Terajoules";"4036";""
"Mexico";"Direct use of solar thermal heat - Consumption by households";"2012";"Terajoules";"3531";""
"Mexico";"Direct use of solar thermal heat - Consumption by households";"2011";"Terajoules";"3219";""
"Mexico";"Direct use of solar thermal heat - Consumption by households";"2010";"Terajoules";"2843";""
"Mexico";"Direct use of solar thermal heat - Consumption by households";"2009";"Terajoules";"2283";""
"Mexico";"Direct use of solar thermal heat - Consumption by households";"2008";"Terajoules";"1862";""
"Mexico";"Direct use of solar thermal heat - Consumption by households";"2007";"Terajoules";"2596";""
"Mexico";"Direct use of solar thermal heat - Consumption by households";"2006";"Terajoules";"2249";""
"Mexico";"Direct use of solar thermal heat - Consumption by households";"2005";"Terajoules";"2017";""
"Mexico";"Direct use of solar thermal heat - Consumption by households";"2004";"Terajoules";"1767";""
"Mexico";"Direct use of solar thermal heat - Consumption by households";"2003";"Terajoules";"1591";""
"Mexico";"Direct use of solar thermal heat - Consumption by households";"2002";"Terajoules";"1384";""
"Mexico";"Direct use of solar thermal heat - Consumption by households";"2001";"Terajoules";"1244";""
"Mexico";"Direct use of solar thermal heat - Consumption by households";"2000";"Terajoules";"1038";""
"Mexico";"Direct use of solar thermal heat - Consumption by households";"1999";"Terajoules";"915";""
"Mexico";"Direct use of solar thermal heat - Consumption by households";"1998";"Terajoules";"818";""
"Mexico";"Direct use of solar thermal heat - Consumption by households";"1997";"Terajoules";"728";""
"Mexico";"Direct use of solar thermal heat - Consumption by households";"1996";"Terajoules";"661";""
"Mexico";"Direct use of solar thermal heat - Consumption by households";"1995";"Terajoules";"604";""
"Mexico";"Direct use of solar thermal heat - Consumption by households";"1994";"Terajoules";"599";""
"Mexico";"Direct use of solar thermal heat - Consumption by households";"1993";"Terajoules";"542";""
"Mexico";"Direct use of solar thermal heat - Consumption by households";"1992";"Terajoules";"480";""
"Mexico";"Direct use of solar thermal heat - Consumption by households";"1991";"Terajoules";"443";""
"Mexico";"Direct use of solar thermal heat - Consumption by households";"1990";"Terajoules";"414";""
"Netherlands";"Direct use of solar thermal heat - Consumption by households";"2015";"Terajoules";"910";""
"Netherlands";"Direct use of solar thermal heat - Consumption by households";"2014";"Terajoules";"902";""
"Netherlands";"Direct use of solar thermal heat - Consumption by households";"2013";"Terajoules";"885";""
"Netherlands";"Direct use of solar thermal heat - Consumption by households";"2012";"Terajoules";"856";""
"Netherlands";"Direct use of solar thermal heat - Consumption by households";"2011";"Terajoules";"832";""
"Netherlands";"Direct use of solar thermal heat - Consumption by households";"2010";"Terajoules";"795";""
"Netherlands";"Direct use of solar thermal heat - Consumption by households";"2009";"Terajoules";"741";""
"Netherlands";"Direct use of solar thermal heat - Consumption by households";"2008";"Terajoules";"677";""
"Netherlands";"Direct use of solar thermal heat - Consumption by households";"2007";"Terajoules";"638";""
"Netherlands";"Direct use of solar thermal heat - Consumption by households";"2006";"Terajoules";"604";""
"Netherlands";"Direct use of solar thermal heat - Consumption by households";"2005";"Terajoules";"575";""
"Netherlands";"Direct use of solar thermal heat - Consumption by households";"2004";"Terajoules";"539";""
"Netherlands";"Direct use of solar thermal heat - Consumption by households";"2003";"Terajoules";"499";""
"Netherlands";"Direct use of solar thermal heat - Consumption by households";"2002";"Terajoules";"460";""
"Netherlands";"Direct use of solar thermal heat - Consumption by households";"2001";"Terajoules";"409";""
"Netherlands";"Direct use of solar thermal heat - Consumption by households";"2000";"Terajoules";"363";""
"Netherlands";"Direct use of solar thermal heat - Consumption by households";"1999";"Terajoules";"323";""
"Netherlands";"Direct use of solar thermal heat - Consumption by households";"1998";"Terajoules";"276";""
"Netherlands";"Direct use of solar thermal heat - Consumption by households";"1997";"Terajoules";"235";""
"Netherlands";"Direct use of solar thermal heat - Consumption by households";"1996";"Terajoules";"195";""
"Netherlands";"Direct use of solar thermal heat - Consumption by households";"1995";"Terajoules";"169";""
"Netherlands";"Direct use of solar thermal heat - Consumption by households";"1994";"Terajoules";"144";""
"Netherlands";"Direct use of solar thermal heat - Consumption by households";"1993";"Terajoules";"123";""
"Netherlands";"Direct use of solar thermal heat - Consumption by households";"1992";"Terajoules";"109";""
"Netherlands";"Direct use of solar thermal heat - Consumption by households";"1991";"Terajoules";"90";""
"Netherlands";"Direct use of solar thermal heat - Consumption by households";"1990";"Terajoules";"80";""
"New Zealand";"Direct use of solar thermal heat - Consumption by households";"2015";"Terajoules";"364";""
"New Zealand";"Direct use of solar thermal heat - Consumption by households";"2014";"Terajoules";"364";""
"New Zealand";"Direct use of solar thermal heat - Consumption by households";"2013";"Terajoules";"364";""
"New Zealand";"Direct use of solar thermal heat - Consumption by households";"2012";"Terajoules";"364";""
"New Zealand";"Direct use of solar thermal heat - Consumption by households";"2011";"Terajoules";"364";""
"New Zealand";"Direct use of solar thermal heat - Consumption by households";"2010";"Terajoules";"353";""
"New Zealand";"Direct use of solar thermal heat - Consumption by households";"2009";"Terajoules";"340";""
"New Zealand";"Direct use of solar thermal heat - Consumption by households";"2008";"Terajoules";"320";""
"New Zealand";"Direct use of solar thermal heat - Consumption by households";"2007";"Terajoules";"300";""
"New Zealand";"Direct use of solar thermal heat - Consumption by households";"2006";"Terajoules";"260";""
"New Zealand";"Direct use of solar thermal heat - Consumption by households";"2005";"Terajoules";"240";""
"New Zealand";"Direct use of solar thermal heat - Consumption by households";"2004";"Terajoules";"210";""
"New Zealand";"Direct use of solar thermal heat - Consumption by households";"2003";"Terajoules";"190";""
"New Zealand";"Direct use of solar thermal heat - Consumption by households";"2002";"Terajoules";"160";""
"Niue";"Direct use of solar thermal heat - Consumption by households";"2016";"Terajoules";"16";"1"
"Niue";"Direct use of solar thermal heat - Consumption by households";"2015";"Terajoules";"16";""
"Niue";"Direct use of solar thermal heat - Consumption by households";"2014";"Terajoules";"16";""
"Niue";"Direct use of solar thermal heat - Consumption by households";"2013";"Terajoules";"16";""
"Niue";"Direct use of solar thermal heat - Consumption by households";"2012";"Terajoules";"16";""
"Niue";"Direct use of solar thermal heat - Consumption by households";"2011";"Terajoules";"16";""
"Niue";"Direct use of solar thermal heat - Consumption by households";"2010";"Terajoules";"16";""
"Niue";"Direct use of solar thermal heat - Consumption by households";"2009";"Terajoules";"16";""
"Niue";"Direct use of solar thermal heat - Consumption by households";"2008";"Terajoules";"16";"1"
"Niue";"Direct use of solar thermal heat - Consumption by households";"2007";"Terajoules";"16";"1"
"Niue";"Direct use of solar thermal heat - Consumption by households";"2006";"Terajoules";"16";"1"
"Other Asia";"Direct use of solar thermal heat - Consumption by households";"2015";"Terajoules";"4238";""
"Other Asia";"Direct use of solar thermal heat - Consumption by households";"2014";"Terajoules";"4188";""
"Other Asia";"Direct use of solar thermal heat - Consumption by households";"2013";"Terajoules";"4213";""
"Other Asia";"Direct use of solar thermal heat - Consumption by households";"2012";"Terajoules";"4258";""
"Other Asia";"Direct use of solar thermal heat - Consumption by households";"2011";"Terajoules";"4227";""
"Other Asia";"Direct use of solar thermal heat - Consumption by households";"2010";"Terajoules";"4268";""
"Other Asia";"Direct use of solar thermal heat - Consumption by households";"2009";"Terajoules";"4226";""
"Other Asia";"Direct use of solar thermal heat - Consumption by households";"2008";"Terajoules";"4090";""
"Other Asia";"Direct use of solar thermal heat - Consumption by households";"2007";"Terajoules";"3938";""
"Other Asia";"Direct use of solar thermal heat - Consumption by households";"2006";"Terajoules";"3824";""
"Other Asia";"Direct use of solar thermal heat - Consumption by households";"2005";"Terajoules";"3641";""
"Other Asia";"Direct use of solar thermal heat - Consumption by households";"2004";"Terajoules";"3461";""
"Other Asia";"Direct use of solar thermal heat - Consumption by households";"2003";"Terajoules";"3283";""
"Other Asia";"Direct use of solar thermal heat - Consumption by households";"2002";"Terajoules";"3149";""
"Other Asia";"Direct use of solar thermal heat - Consumption by households";"2001";"Terajoules";"3028";""
"Other Asia";"Direct use of solar thermal heat - Consumption by households";"2000";"Terajoules";"2886";""
"Other Asia";"Direct use of solar thermal heat - Consumption by households";"1999";"Terajoules";"2732";""
"Other Asia";"Direct use of solar thermal heat - Consumption by households";"1998";"Terajoules";"2617";""
"Other Asia";"Direct use of solar thermal heat - Consumption by households";"1997";"Terajoules";"2465";""
"Other Asia";"Direct use of solar thermal heat - Consumption by households";"1996";"Terajoules";"2253";""
"Other Asia";"Direct use of solar thermal heat - Consumption by households";"1995";"Terajoules";"2038";""
"Other Asia";"Direct use of solar thermal heat - Consumption by households";"1994";"Terajoules";"1736";""
"Other Asia";"Direct use of solar thermal heat - Consumption by households";"1993";"Terajoules";"1446";""
"Other Asia";"Direct use of solar thermal heat - Consumption by households";"1992";"Terajoules";"1197";""
"Other Asia";"Direct use of solar thermal heat - Consumption by households";"1991";"Terajoules";"929";""
"Other Asia";"Direct use of solar thermal heat - Consumption by households";"1990";"Terajoules";"733";""
"Peru";"Direct use of solar thermal heat - Consumption by households";"2015";"Terajoules";"650";""
"Peru";"Direct use of solar thermal heat - Consumption by households";"2014";"Terajoules";"96";""
"Peru";"Direct use of solar thermal heat - Consumption by households";"2013";"Terajoules";"88";""
"Peru";"Direct use of solar thermal heat - Consumption by households";"2012";"Terajoules";"80";""
"Peru";"Direct use of solar thermal heat - Consumption by households";"2011";"Terajoules";"143";""
"Peru";"Direct use of solar thermal heat - Consumption by households";"2010";"Terajoules";"130";""
"Peru";"Direct use of solar thermal heat - Consumption by households";"2009";"Terajoules";"164";""
"Peru";"Direct use of solar thermal heat - Consumption by households";"2008";"Terajoules";"164";""
"Peru";"Direct use of solar thermal heat - Consumption by households";"2007";"Terajoules";"159";""
"Poland";"Direct use of solar thermal heat - Consumption by households";"2015";"Terajoules";"1655";""
"Poland";"Direct use of solar thermal heat - Consumption by households";"2014";"Terajoules";"1255";""
"Poland";"Direct use of solar thermal heat - Consumption by households";"2013";"Terajoules";"856";""
"Poland";"Direct use of solar thermal heat - Consumption by households";"2012";"Terajoules";"456";""
"Poland";"Direct use of solar thermal heat - Consumption by households";"2011";"Terajoules";"388";""
"Poland";"Direct use of solar thermal heat - Consumption by households";"2010";"Terajoules";"320";""
"Poland";"Direct use of solar thermal heat - Consumption by households";"2009";"Terajoules";"252";""
"Portugal";"Direct use of solar thermal heat - Consumption by households";"2015";"Terajoules";"2016";""
"Portugal";"Direct use of solar thermal heat - Consumption by households";"2014";"Terajoules";"1931";""
"Portugal";"Direct use of solar thermal heat - Consumption by households";"2013";"Terajoules";"1828";""
"Portugal";"Direct use of solar thermal heat - Consumption by households";"2012";"Terajoules";"1692";""
"Portugal";"Direct use of solar thermal heat - Consumption by households";"2011";"Terajoules";"1495";""
"Portugal";"Direct use of solar thermal heat - Consumption by households";"2010";"Terajoules";"1208";""
"Portugal";"Direct use of solar thermal heat - Consumption by households";"2009";"Terajoules";"876";""
"Portugal";"Direct use of solar thermal heat - Consumption by households";"2008";"Terajoules";"760";""
"Portugal";"Direct use of solar thermal heat - Consumption by households";"2007";"Terajoules";"646";""
"Portugal";"Direct use of solar thermal heat - Consumption by households";"2006";"Terajoules";"596";""
"Portugal";"Direct use of solar thermal heat - Consumption by households";"2005";"Terajoules";"566";""
"Portugal";"Direct use of solar thermal heat - Consumption by households";"2004";"Terajoules";"528";""
"Portugal";"Direct use of solar thermal heat - Consumption by households";"2003";"Terajoules";"512";""
"Portugal";"Direct use of solar thermal heat - Consumption by households";"2002";"Terajoules";"495";""
"Portugal";"Direct use of solar thermal heat - Consumption by households";"2001";"Terajoules";"479";""
"Portugal";"Direct use of solar thermal heat - Consumption by households";"2000";"Terajoules";"463";""
"Portugal";"Direct use of solar thermal heat - Consumption by households";"1999";"Terajoules";"450";""
"Portugal";"Direct use of solar thermal heat - Consumption by households";"1998";"Terajoules";"209";""
"Portugal";"Direct use of solar thermal heat - Consumption by households";"1997";"Terajoules";"253";""
"Portugal";"Direct use of solar thermal heat - Consumption by households";"1996";"Terajoules";"238";""
"Portugal";"Direct use of solar thermal heat - Consumption by households";"1995";"Terajoules";"207";""
"Portugal";"Direct use of solar thermal heat - Consumption by households";"1994";"Terajoules";"200";""
"Portugal";"Direct use of solar thermal heat - Consumption by households";"1993";"Terajoules";"192";""
"Portugal";"Direct use of solar thermal heat - Consumption by households";"1992";"Terajoules";"184";""
"Portugal";"Direct use of solar thermal heat - Consumption by households";"1991";"Terajoules";"176";""
"Portugal";"Direct use of solar thermal heat - Consumption by households";"1990";"Terajoules";"151";""
"Slovakia";"Direct use of solar thermal heat - Consumption by households";"2015";"Terajoules";"195";""
"Slovakia";"Direct use of solar thermal heat - Consumption by households";"2014";"Terajoules";"193";""
"Slovakia";"Direct use of solar thermal heat - Consumption by households";"2013";"Terajoules";"221";""
"Slovakia";"Direct use of solar thermal heat - Consumption by households";"2012";"Terajoules";"199";""
"Slovakia";"Direct use of solar thermal heat - Consumption by households";"2011";"Terajoules";"188";""
"Slovakia";"Direct use of solar thermal heat - Consumption by households";"2010";"Terajoules";"159";""
"Slovenia";"Direct use of solar thermal heat - Consumption by households";"2015";"Terajoules";"457";""
"Slovenia";"Direct use of solar thermal heat - Consumption by households";"2014";"Terajoules";"452";""
"Slovenia";"Direct use of solar thermal heat - Consumption by households";"2013";"Terajoules";"437";""
"Slovenia";"Direct use of solar thermal heat - Consumption by households";"2012";"Terajoules";"409";""
"Slovenia";"Direct use of solar thermal heat - Consumption by households";"2011";"Terajoules";"374";""
"Slovenia";"Direct use of solar thermal heat - Consumption by households";"2010";"Terajoules";"341";""
"Slovenia";"Direct use of solar thermal heat - Consumption by households";"2009";"Terajoules";"319";""
"Slovenia";"Direct use of solar thermal heat - Consumption by households";"2008";"Terajoules";"0";""
"Slovenia";"Direct use of solar thermal heat - Consumption by households";"2007";"Terajoules";"0";""
"Spain";"Direct use of solar thermal heat - Consumption by households";"2015";"Terajoules";"9260";""
"Spain";"Direct use of solar thermal heat - Consumption by households";"2014";"Terajoules";"8514";""
"Spain";"Direct use of solar thermal heat - Consumption by households";"2013";"Terajoules";"7976";""
"Spain";"Direct use of solar thermal heat - Consumption by households";"2012";"Terajoules";"7468";""
"Spain";"Direct use of solar thermal heat - Consumption by households";"2011";"Terajoules";"6885";""
"Spain";"Direct use of solar thermal heat - Consumption by households";"2010";"Terajoules";"6013";""
"Spain";"Direct use of solar thermal heat - Consumption by households";"2009";"Terajoules";"4991";""
"Spain";"Direct use of solar thermal heat - Consumption by households";"2008";"Terajoules";"3963";""
"Spain";"Direct use of solar thermal heat - Consumption by households";"2007";"Terajoules";"2814";""
"Spain";"Direct use of solar thermal heat - Consumption by households";"2006";"Terajoules";"2056";""
"Spain";"Direct use of solar thermal heat - Consumption by households";"2005";"Terajoules";"1705";""
"Spain";"Direct use of solar thermal heat - Consumption by households";"2004";"Terajoules";"1517";""
"Spain";"Direct use of solar thermal heat - Consumption by households";"2003";"Terajoules";"1282";""
"Spain";"Direct use of solar thermal heat - Consumption by households";"2002";"Terajoules";"1198";""
"Spain";"Direct use of solar thermal heat - Consumption by households";"2001";"Terajoules";"1113";""
"Spain";"Direct use of solar thermal heat - Consumption by households";"2000";"Terajoules";"1016";""
"Spain";"Direct use of solar thermal heat - Consumption by households";"1999";"Terajoules";"312";""
"Spain";"Direct use of solar thermal heat - Consumption by households";"1998";"Terajoules";"433";""
"Spain";"Direct use of solar thermal heat - Consumption by households";"1997";"Terajoules";"392";""
"Spain";"Direct use of solar thermal heat - Consumption by households";"1996";"Terajoules";"434";""
"Spain";"Direct use of solar thermal heat - Consumption by households";"1995";"Terajoules";"423";""
"Spain";"Direct use of solar thermal heat - Consumption by households";"1994";"Terajoules";"412";""
"Sweden";"Direct use of solar thermal heat - Consumption by households";"2015";"Terajoules";"472";""
"Sweden";"Direct use of solar thermal heat - Consumption by households";"2014";"Terajoules";"468";""
"Sweden";"Direct use of solar thermal heat - Consumption by households";"2013";"Terajoules";"468";""
"Sweden";"Direct use of solar thermal heat - Consumption by households";"2012";"Terajoules";"464";""
"Sweden";"Direct use of solar thermal heat - Consumption by households";"2011";"Terajoules";"461";""
"Sweden";"Direct use of solar thermal heat - Consumption by households";"2010";"Terajoules";"432";""
"Sweden";"Direct use of solar thermal heat - Consumption by households";"2009";"Terajoules";"414";""
"Sweden";"Direct use of solar thermal heat - Consumption by households";"2008";"Terajoules";"396";""
"Sweden";"Direct use of solar thermal heat - Consumption by households";"2007";"Terajoules";"360";""
"Sweden";"Direct use of solar thermal heat - Consumption by households";"2006";"Terajoules";"241";""
"Sweden";"Direct use of solar thermal heat - Consumption by households";"2005";"Terajoules";"247";""
"Sweden";"Direct use of solar thermal heat - Consumption by households";"2004";"Terajoules";"200";""
"Sweden";"Direct use of solar thermal heat - Consumption by households";"2003";"Terajoules";"179";""
"Sweden";"Direct use of solar thermal heat - Consumption by households";"2002";"Terajoules";"159";""
"Sweden";"Direct use of solar thermal heat - Consumption by households";"2001";"Terajoules";"140";""
"Sweden";"Direct use of solar thermal heat - Consumption by households";"2000";"Terajoules";"206";""
"Sweden";"Direct use of solar thermal heat - Consumption by households";"1999";"Terajoules";"184";""
"Sweden";"Direct use of solar thermal heat - Consumption by households";"1998";"Terajoules";"184";""
"Sweden";"Direct use of solar thermal heat - Consumption by households";"1997";"Terajoules";"172";""
"Sweden";"Direct use of solar thermal heat - Consumption by households";"1996";"Terajoules";"160";""
"Sweden";"Direct use of solar thermal heat - Consumption by households";"1995";"Terajoules";"195";""
"Sweden";"Direct use of solar thermal heat - Consumption by households";"1994";"Terajoules";"170";""
"Sweden";"Direct use of solar thermal heat - Consumption by households";"1993";"Terajoules";"165";""
"Sweden";"Direct use of solar thermal heat - Consumption by households";"1992";"Terajoules";"163";""
"Sweden";"Direct use of solar thermal heat - Consumption by households";"1991";"Terajoules";"148";""
"Sweden";"Direct use of solar thermal heat - Consumption by households";"1990";"Terajoules";"133";""
"Switzerland";"Direct use of solar thermal heat - Consumption by households";"2015";"Terajoules";"1914";""
"Switzerland";"Direct use of solar thermal heat - Consumption by households";"2014";"Terajoules";"1793";""
"Switzerland";"Direct use of solar thermal heat - Consumption by households";"2013";"Terajoules";"1653";""
"Switzerland";"Direct use of solar thermal heat - Consumption by households";"2012";"Terajoules";"1498";""
"Switzerland";"Direct use of solar thermal heat - Consumption by households";"2011";"Terajoules";"1335";""
"Switzerland";"Direct use of solar thermal heat - Consumption by households";"2010";"Terajoules";"1168";""
"Switzerland";"Direct use of solar thermal heat - Consumption by households";"2009";"Terajoules";"991";""
"Switzerland";"Direct use of solar thermal heat - Consumption by households";"2008";"Terajoules";"836";""
"Switzerland";"Direct use of solar thermal heat - Consumption by households";"2007";"Terajoules";"733";""
"Switzerland";"Direct use of solar thermal heat - Consumption by households";"2006";"Terajoules";"666";""
"Switzerland";"Direct use of solar thermal heat - Consumption by households";"2005";"Terajoules";"611";""
"Switzerland";"Direct use of solar thermal heat - Consumption by households";"2004";"Terajoules";"569";""
"Switzerland";"Direct use of solar thermal heat - Consumption by households";"2003";"Terajoules";"535";""
"Switzerland";"Direct use of solar thermal heat - Consumption by households";"2002";"Terajoules";"503";""
"Switzerland";"Direct use of solar thermal heat - Consumption by households";"2001";"Terajoules";"470";""
"Switzerland";"Direct use of solar thermal heat - Consumption by households";"2000";"Terajoules";"434";""
"Switzerland";"Direct use of solar thermal heat - Consumption by households";"1999";"Terajoules";"398";""
"Switzerland";"Direct use of solar thermal heat - Consumption by households";"1998";"Terajoules";"356";""
"Switzerland";"Direct use of solar thermal heat - Consumption by households";"1997";"Terajoules";"312";""
"Switzerland";"Direct use of solar thermal heat - Consumption by households";"1996";"Terajoules";"273";""
"Switzerland";"Direct use of solar thermal heat - Consumption by households";"1995";"Terajoules";"232";""
"Switzerland";"Direct use of solar thermal heat - Consumption by households";"1994";"Terajoules";"193";""
"Switzerland";"Direct use of solar thermal heat - Consumption by households";"1993";"Terajoules";"158";""
"Switzerland";"Direct use of solar thermal heat - Consumption by households";"1992";"Terajoules";"130";""
"Switzerland";"Direct use of solar thermal heat - Consumption by households";"1991";"Terajoules";"105";""
"Switzerland";"Direct use of solar thermal heat - Consumption by households";"1990";"Terajoules";"81";""
"Tunisia";"Direct use of solar thermal heat - Consumption by households";"2015";"Terajoules";"1890";""
"Tunisia";"Direct use of solar thermal heat - Consumption by households";"2014";"Terajoules";"1764";""
"Tunisia";"Direct use of solar thermal heat - Consumption by households";"2013";"Terajoules";"1600";""
"Tunisia";"Direct use of solar thermal heat - Consumption by households";"2012";"Terajoules";"1463";""
"Tunisia";"Direct use of solar thermal heat - Consumption by households";"2011";"Terajoules";"1278";""
"Tunisia";"Direct use of solar thermal heat - Consumption by households";"2010";"Terajoules";"1114";""
"Tunisia";"Direct use of solar thermal heat - Consumption by households";"2009";"Terajoules";"906";""
"Tunisia";"Direct use of solar thermal heat - Consumption by households";"2008";"Terajoules";"699";""
"Tunisia";"Direct use of solar thermal heat - Consumption by households";"2007";"Terajoules";"504";""
"Turkey";"Direct use of solar thermal heat - Consumption by households";"2015";"Terajoules";"22799";""
"Turkey";"Direct use of solar thermal heat - Consumption by households";"2014";"Terajoules";"21897";""
"Turkey";"Direct use of solar thermal heat - Consumption by households";"2013";"Terajoules";"21687";""
"Turkey";"Direct use of solar thermal heat - Consumption by households";"2012";"Terajoules";"20934";""
"Turkey";"Direct use of solar thermal heat - Consumption by households";"2011";"Terajoules";"18464";""
"Turkey";"Direct use of solar thermal heat - Consumption by households";"2010";"Terajoules";"12661";""
"Turkey";"Direct use of solar thermal heat - Consumption by households";"2009";"Terajoules";"12566";""
"Turkey";"Direct use of solar thermal heat - Consumption by households";"2008";"Terajoules";"12309";""
"Turkey";"Direct use of solar thermal heat - Consumption by households";"2007";"Terajoules";"12307";""
"Turkey";"Direct use of solar thermal heat - Consumption by households";"2006";"Terajoules";"11763";""
"Turkey";"Direct use of solar thermal heat - Consumption by households";"2005";"Terajoules";"11046";""
"Turkey";"Direct use of solar thermal heat - Consumption by households";"2004";"Terajoules";"10633";""
"Turkey";"Direct use of solar thermal heat - Consumption by households";"2003";"Terajoules";"9670";""
"Turkey";"Direct use of solar thermal heat - Consumption by households";"2002";"Terajoules";"8330";""
"Turkey";"Direct use of solar thermal heat - Consumption by households";"2001";"Terajoules";"7075";""
"Turkey";"Direct use of solar thermal heat - Consumption by households";"2000";"Terajoules";"6907";""
"Turkey";"Direct use of solar thermal heat - Consumption by households";"1999";"Terajoules";"6698";""
"Turkey";"Direct use of solar thermal heat - Consumption by households";"1998";"Terajoules";"5903";""
"Turkey";"Direct use of solar thermal heat - Consumption by households";"1997";"Terajoules";"5065";""
"Turkey";"Direct use of solar thermal heat - Consumption by households";"1996";"Terajoules";"4730";""
"Turkey";"Direct use of solar thermal heat - Consumption by households";"1995";"Terajoules";"4395";""
"Turkey";"Direct use of solar thermal heat - Consumption by households";"1994";"Terajoules";"4186";""
"Turkey";"Direct use of solar thermal heat - Consumption by households";"1993";"Terajoules";"2847";""
"Turkey";"Direct use of solar thermal heat - Consumption by households";"1992";"Terajoules";"1800";""
"Turkey";"Direct use of solar thermal heat - Consumption by households";"1991";"Terajoules";"1172";""
"Turkey";"Direct use of solar thermal heat - Consumption by households";"1990";"Terajoules";"837";""
"United States";"Direct use of solar thermal heat - Consumption by households";"2015";"Terajoules";"9281";""
"United States";"Direct use of solar thermal heat - Consumption by households";"2014";"Terajoules";"8153";""
"United States";"Direct use of solar thermal heat - Consumption by households";"2013";"Terajoules";"6931";""
"United States";"Direct use of solar thermal heat - Consumption by households";"2012";"Terajoules";"5779";""
"United States";"Direct use of solar thermal heat - Consumption by households";"2011";"Terajoules";"4607";""
"United States";"Direct use of solar thermal heat - Consumption by households";"2010";"Terajoules";"3442";""
"United States";"Direct use of solar thermal heat - Consumption by households";"2009";"Terajoules";"57565";""
"United States";"Direct use of solar thermal heat - Consumption by households";"2008";"Terajoules";"57326";""
"United States";"Direct use of solar thermal heat - Consumption by households";"2007";"Terajoules";"55475";""
"United States";"Direct use of solar thermal heat - Consumption by households";"2006";"Terajoules";"53542";""
"United States";"Direct use of solar thermal heat - Consumption by households";"2005";"Terajoules";"51650";""
"United States";"Direct use of solar thermal heat - Consumption by households";"2004";"Terajoules";"52946";""
"United States";"Direct use of solar thermal heat - Consumption by households";"2003";"Terajoules";"52948";""
"United States";"Direct use of solar thermal heat - Consumption by households";"2002";"Terajoules";"55630";""
"United States";"Direct use of solar thermal heat - Consumption by households";"2001";"Terajoules";"56979";""
"United States";"Direct use of solar thermal heat - Consumption by households";"2000";"Terajoules";"60302";""
"United States";"Direct use of solar thermal heat - Consumption by households";"1999";"Terajoules";"63313";""

"fnSeqID";"Footnote"
"1";"Estimate"
